Player,Age,Team,Pos,MIN,Diff Rank,Diff,Exp W,OFFENSE: Pts/Poss Rank,OFFENSE: Pts/Poss,OFFENSE: eFG% Rank,OFFENSE: eFG%,OFFENSE: TOV% Rank,OFFENSE: TOV%,OFFENSE: ORB% Rank,OFFENSE: ORB%,OFFENSE: FT Rate Rank,OFFENSE: FT Rate,DEFENSE: Pts/Poss Rank,DEFENSE: Pts/Poss,DEFENSE: eFG% Rank,DEFENSE: eFG%,DEFENSE: TOV% Rank,DEFENSE: TOV%,DEFENSE: ORB% Rank,DEFENSE: ORB%,DEFENSE: FT Rate Rank,DEFENSE: FT Rate,LastGameDate,DaysSinceLastGame,LastUpdateDate
Steven Adams,32.3,HOU,Big,177,40,-2.1,-3,20,-6.3,6,-7.2%,26,+1.5%,75,+3.3%,79,4.0,65,-4.2,63,-1.8%,50,-0.2%,28,+2.1%,90,-8.4,2025-11-30,3.0,2025-12-03
Giannis Antetokounmpo,30.9,MIL,Forward,290,86,15.8,36,97,19.3,97,+8.6%,61,-0.9%,93,+7.3%,91,7.5,34,3.5,40,+1.1%,13,-2.7%,50,-0.2%,33,2.1,2025-12-01,2.0,2025-12-03
Harrison Barnes,33.4,SAS,Big,274,13,-14.4,-27,29,-4.5,85,+5.3%,3,+4.6%,18,-4.2%,10,-6.8,14,9.9,13,+5.6%,3,-4.4%,61,-1.7%,91,-8.7,2025-12-02,1.0,2025-12-03
Nicolas Batum,36.9,LAC,Wing,142,35,-4.3,-8,35,-2.6,7,-6.9%,72,-1.6%,54,-0.1%,92,8.1,41,1.7,45,+0.5%,17,-2.3%,77,-4.1%,54,-0.7,2025-12-01,2.0,2025-12-03
Bradley Beal,32.3,LAC,Combo,120,39,-2.3,-3,82,8.4,84,+5.1%,91,-3.7%,9,-6.3%,23,-3.5,12,10.7,20,+4.0%,30,-1.6%,19,+4.2%,68,-2.9,2025-11-08,25.0,2025-12-03
Devin Booker,29.0,PHX,Combo,368,96,22.7,45,80,8.2,41,-0.6%,55,-0.5%,65,+1.7%,97,10.0,93,-14.5,89,-5.4%,88,+3.1%,76,-3.7%,5,9.3,2025-12-01,4.0,2025-12-05
Jaylen Brown,29.0,BOS,Wing,350,13,-14.2,-33,68,5.4,80,+4.3%,14,+2.6%,65,+1.5%,67,2.2,1,19.6,5,+7.4%,18,-2.2%,19,+4.1%,23,3.8,2025-12-02,2.0,2025-12-04
Jimmy Butler,36.1,GSW,Wing,309,77,11.6,28,63,3.7,45,-0.0%,99,-6.0%,42,-1.3%,77,3.8,79,-7.9,70,-2.5%,23,-2.0%,80,-4.5%,97,-11.7,2025-12-02,2.0,2025-12-04
Kentavious Caldwell-Pope,32.7,MEM,Combo,270,38,-2.8,-7,26,-5.4,13,-5.1%,62,-1.0%,60,+0.6%,84,5.0,57,-2.6,54,-0.2%,84,+2.6%,15,+5.0%,82,-5.5,2025-12-02,3.0,2025-12-05
Jordan Clarkson,33.4,NYK,Wing,144,18,-11.1,-22,28,-5.1,20,-3.7%,81,-2.2%,39,-1.8%,70,2.3,25,6.0,14,+5.2%,83,+2.4%,58,-1.3%,36,1.8,2025-12-02,1.0,2025-12-03
Mike Conley,38.1,MIN,Point,205,67,7.6,16,57,2.4,47,+0.0%,9,+3.0%,74,+3.1%,94,8.5,69,-5.2,38,+1.2%,20,-2.1%,97,-10.1%,74,-3.8,2025-12-02,2.0,2025-12-04
Stephen Curry,37.6,GSW,Point,249,48,0.9,2,81,8.2,88,+6.1%,24,+1.6%,39,-1.8%,51,0.1,19,7.3,25,+3.1%,54,-0.0%,39,+0.9%,35,1.8,2025-11-26,8.0,2025-12-04
Anthony Davis,32.6,DAL,Big,149,41,-2.0,-5,36,-2.0,32,-1.7%,59,-0.7%,42,-1.4%,45,-0.6,46,-0.0,26,+3.1%,61,+0.7%,72,-3.1%,67,-2.7,2025-12-01,2.0,2025-12-03
DeMar DeRozan,36.2,SAC,Forward,352,55,4.3,8,59,2.8,29,-2.2%,86,-2.9%,51,-0.4%,65,1.8,52,-1.5,71,-2.7%,17,-2.4%,25,+2.6%,6,8.8,2025-11-30,3.0,2025-12-03
Andre Drummond,32.2,PHI,Big,167,67,7.7,17,60,3.3,37,-1.3%,77,-1.9%,81,+4.2%,54,0.5,65,-4.4,63,-1.7%,32,-1.5%,88,-6.7%,44,0.8,2025-12-02,2.0,2025-12-04
Kris Dunn,31.6,LAC,Wing,221,8,-17.1,-33,9,-10.9,9,-6.2%,65,-1.2%,19,-4.1%,61,1.2,23,6.2,6,+6.9%,89,+3.3%,92,-7.7%,7,8.6,2025-12-01,2.0,2025-12-03
Kevin Durant,37.1,HOU,Wing,321,28,-6.7,-10,44,-0.4,4,-7.7%,59,-0.8%,85,+5.3%,100,20.9,22,6.3,35,+1.8%,43,-0.7%,22,+3.6%,9,7.5,2025-12-01,2.0,2025-12-03
Joel Embiid,31.6,PHI,Big,140,34,-4.4,-11,71,6.2,94,+7.5%,61,-0.9%,10,-6.1%,20,-3.7,12,10.6,7,+6.4%,12,-3.0%,64,-2.2%,71,-3.3,2025-11-30,4.0,2025-12-04
Rudy Gobert,33.3,MIN,Big,314,95,21.4,44,14,-9.0,57,+1.0%,40,+0.3%,35,-2.1%,44,-0.8,100,-30.4,100,-14.2%,39,-0.9%,100,-15.0%,91,-8.4,2025-12-02,2.0,2025-12-04
Aaron Gordon,30.1,DEN,Forward,235,43,-0.1,1,21,-6.1,17,-4.2%,76,-1.9%,19,-4.1%,43,-0.8,74,-6.0,67,-2.1%,22,-2.0%,96,-9.0%,58,-1.1,2025-11-21,12.0,2025-12-03
Jerami Grant,31.6,POR,Big,253,6,-18.6,-42,56,2.3,67,+2.4%,34,+0.9%,6,-7.1%,80,4.2,1,20.9,4,+7.8%,36,-1.1%,3,+8.5%,18,4.9,2025-12-02,1.0,2025-12-03
Draymond Green,35.7,GSW,Big,286,92,19.8,44,65,4.3,91,+7.1%,42,+0.3%,23,-3.5%,53,0.3,93,-15.4,96,-7.8%,16,-2.4%,90,-7.2%,93,-9.3,2025-12-02,2.0,2025-12-04
Tim Hardaway Jr.,33.6,DEN,Wing,202,30,-5.8,-9,46,-0.0,49,+0.2%,68,-1.4%,71,+2.4%,16,-5.0,25,5.8,39,+1.2%,58,+0.4%,9,+6.0%,48,0.1,nan,,2025-12-03
James Harden,36.2,LAC,Point,275,94,20.9,33,99,22.9,99,+11.8%,87,-3.1%,27,-2.9%,63,1.7,39,2.0,32,+2.2%,38,-1.0%,82,-4.7%,34,2.0,2025-12-01,2.0,2025-12-03
Tobias Harris,33.3,DET,Forward,193,16,-12.8,-27,28,-4.7,12,-5.4%,53,-0.3%,82,+4.4%,43,-0.8,18,8.1,14,+5.0%,7,-3.8%,87,-6.4%,3,10.7,2025-12-01,2.0,2025-12-03
Buddy Hield,32.9,GSW,Wing,186,4,-20.5,-45,26,-5.3,14,-4.7%,35,+0.8%,58,+0.4%,42,-0.9,4,15.2,18,+4.3%,59,+0.5%,4,+8.4%,39,1.4,2025-12-02,2.0,2025-12-04
Jrue Holiday,35.4,POR,Point,299,64,6.6,16,63,3.6,79,+3.9%,83,-2.6%,16,-4.3%,29,-2.5,61,-3.1,81,-3.9%,75,+1.7%,13,+5.3%,57,-0.9,2025-11-14,19.0,2025-12-03
Al Horford,39.4,GSW,Big,148,11,-15.4,-36,16,-8.0,4,-7.8%,57,-0.6%,33,-2.3%,58,0.8,20,7.3,31,+2.4%,62,+0.8%,10,+5.7%,81,-5.2,2025-11-21,13.0,2025-12-04
Brandon Ingram,28.2,TOR,Wing,332,10,-16.8,-36,84,8.8,86,+5.4%,36,+0.8%,28,-2.9%,52,0.2,0,25.5,0,+10.2%,5,-4.0%,5,+8.1%,59,-1.2,2025-12-02,2.0,2025-12-04
Nikola Jokic,30.7,DEN,Big,306,96,25.3,48,100,23.9,87,+5.8%,75,-1.9%,75,+3.2%,100,14.3,51,-1.4,48,+0.1%,83,+2.5%,50,-0.1%,78,-4.5,2025-12-01,2.0,2025-12-03
Tyus Jones,29.5,ORL,Point,131,2,-27.2,-50,0,-23.1,0,-14.7%,67,-1.3%,59,+0.6%,30,-2.4,33,4.1,9,+6.0%,29,-1.6%,61,-1.7%,96,-11.0,2025-12-01,2.0,2025-12-03
Derrick Jones Jr.,28.7,LAC,Forward,218,46,0.6,3,92,13.0,97,+8.5%,56,-0.5%,15,-4.6%,11,-6.3,8,12.4,17,+4.6%,0,-5.9%,53,-0.4%,24,3.5,2025-11-16,17.0,2025-12-03
Zach LaVine,30.6,SAC,Wing,317,1,-28.8,-56,13,-9.4,20,-3.7%,55,-0.5%,50,-0.4%,4,-9.5,1,19.4,1,+9.4%,14,-2.6%,49,+0.0%,47,0.2,2025-11-30,3.0,2025-12-03
Caris LeVert,31.2,DET,Combo,135,41,-2.0,-4,22,-5.9,25,-2.7%,79,-2.1%,1,-11.1%,77,3.6,64,-3.9,48,+0.2%,72,+1.4%,73,-3.2%,74,-3.7,2025-12-01,2.0,2025-12-03
Kawhi Leonard,34.3,LAC,Wing,197,26,-8.1,-16,24,-5.7,42,-0.4%,17,+2.2%,67,+1.9%,1,-11.4,38,2.4,22,+3.8%,45,-0.5%,75,-3.5%,42,1.0,2025-12-01,2.0,2025-12-03
Brook Lopez,37.6,LAC,Big,138,43,-0.5,-2,13,-9.1,23,-2.9%,18,+2.1%,56,+0.0%,34,-1.9,82,-8.6,88,-5.4%,88,+3.1%,6,+7.7%,72,-3.6,2025-11-23,10.0,2025-12-03
CJ McCollum,34.1,WAS,Combo,279,38,-3.4,-2,78,7.8,35,-1.4%,90,-3.5%,88,+5.7%,81,4.4,10,11.1,22,+3.5%,42,-0.7%,30,+1.8%,7,8.7,2025-12-02,2.0,2025-12-04
Khris Middleton,34.2,WAS,Forward,171,25,-8.7,-9,43,-0.6,26,-2.5%,77,-1.9%,66,+1.7%,19,-4.4,17,8.1,13,+5.4%,74,+1.6%,57,-1.1%,40,1.2,2025-12-01,3.0,2025-12-04
Jamal Murray,28.7,DEN,Point,265,42,-1.0,-2,49,0.3,64,+2.2%,73,-1.7%,14,-4.9%,45,-0.7,42,1.3,27,+2.9%,26,-1.8%,95,-8.9%,14,5.7,2025-12-01,2.0,2025-12-03
Larry Nance Jr.,32.8,CLE,Big,136,10,-16.6,-38,8,-11.4,18,-4.0%,75,-1.9%,4,-7.5%,58,0.8,28,5.2,57,-0.8%,9,-3.3%,59,-1.4%,41,1.1,nan,,2025-12-03
Jusuf Nurkic,31.2,UTA,Big,191,22,-9.8,-22,1,-20.9,2,-9.0%,34,+0.8%,46,-0.8%,6,-8.6,88,-11.0,42,+0.8%,51,-0.2%,95,-8.9%,88,-7.1,2025-12-01,3.0,2025-12-04
Kelly Oubre,29.9,PHI,Wing,372,33,-4.7,-10,19,-6.4,19,-3.9%,43,+0.2%,5,-7.2%,96,9.5,53,-1.7,89,-5.4%,16,-2.5%,46,+0.2%,83,-5.6,2025-11-14,20.0,2025-12-04
Jakob Poeltl,30.0,TOR,Big,137,13,-14.4,-33,36,-2.1,58,+1.2%,25,+1.6%,68,+1.9%,52,0.3,9,12.3,7,+6.3%,1,-4.5%,63,-2.1%,67,-2.6,2025-12-02,2.0,2025-12-04
Bobby Portis,30.7,MIL,Big,198,32,-5.4,-13,27,-5.2,22,-3.3%,61,-0.9%,64,+1.2%,14,-5.3,45,0.1,45,+0.5%,45,-0.6%,52,-0.4%,81,-5.0,2025-12-01,2.0,2025-12-03
Kristaps Porzingis,30.3,ATL,Big,182,39,-2.5,-6,76,7.2,33,-1.6%,93,-4.0%,92,+6.8%,82,4.6,14,9.7,8,+6.3%,44,-0.6%,46,+0.2%,13,6.2,2025-11-25,8.0,2025-12-03
Norman Powell,32.4,MIA,Wing,209,43,-0.2,0,45,-0.1,31,-1.8%,63,-1.1%,26,-3.0%,71,2.6,46,0.1,35,+1.7%,80,+2.1%,43,+0.5%,46,0.3,2025-12-01,2.0,2025-12-03
Taurean Prince,31.6,MIL,Wing,168,52,2.8,7,25,-5.5,26,-2.5%,45,+0.1%,39,-1.7%,48,-0.3,80,-8.3,78,-3.4%,61,+0.7%,62,-1.9%,69,-3.1,2025-11-04,29.0,2025-12-03
Julius Randle,30.9,MIN,Big,332,78,12.0,26,100,25.8,100,+11.9%,85,-2.8%,43,-1.3%,87,5.5,6,13.8,19,+4.3%,49,-0.4%,20,+4.0%,14,5.8,2025-12-02,2.0,2025-12-04
D'Angelo Russell,29.7,DAL,Point,216,47,0.8,3,72,6.6,70,+2.9%,85,-2.8%,10,-6.2%,62,1.6,26,5.7,49,+0.0%,15,-2.5%,36,+1.2%,48,0.0,2025-12-01,2.0,2025-12-03
Domantas Sabonis,29.5,SAC,Big,236,11,-15.4,-29,26,-5.4,17,-4.0%,57,-0.6%,40,-1.6%,57,0.7,13,10.0,19,+4.2%,7,-3.8%,79,-4.4%,37,1.6,2025-11-16,17.0,2025-12-03
Dennis Schroder,32.1,SAC,Point,315,5,-19.6,-40,33,-3.2,17,-4.2%,94,-4.2%,44,-1.1%,23,-3.4,2,16.4,12,+5.7%,6,-3.8%,23,+3.0%,38,1.6,2025-11-24,9.0,2025-12-03
Pascal Siakam,31.6,IND,Big,318,84,15.1,21,90,12.0,95,+8.0%,87,-3.0%,17,-4.3%,36,-1.6,61,-3.1,47,+0.2%,69,+1.1%,77,-4.1%,19,4.8,2025-12-01,2.0,2025-12-03
Marcus Smart,31.7,LAL,Wing,222,88,17.2,38,62,3.5,30,-2.1%,91,-3.6%,11,-6.0%,99,12.6,91,-13.7,92,-6.0%,63,+0.8%,71,-2.9%,62,-1.6,2025-11-25,9.0,2025-12-04
Klay Thompson,35.7,DAL,Wing,179,8,-17.3,-36,2,-19.3,1,-9.7%,28,+1.4%,87,+5.6%,3,-10.0,55,-1.9,26,+3.0%,33,-1.4%,96,-9.1%,86,-6.2,2025-12-01,2.0,2025-12-03
Karl-Anthony Towns,30.0,NYK,Big,293,70,8.9,18,49,0.3,82,+4.6%,48,-0.0%,3,-8.8%,31,-2.3,82,-8.6,52,-0.1%,13,-2.8%,91,-7.2%,76,-4.2,2025-12-02,1.0,2025-12-03
Myles Turner,29.6,MIL,Big,291,70,8.9,21,58,2.6,62,+1.7%,20,+1.9%,61,+0.7%,86,5.3,76,-6.3,74,-2.9%,82,+2.4%,42,+0.5%,34,2.0,2025-12-01,2.0,2025-12-03
Jonas Valanciunas,33.5,DEN,Big,106,3,-23.5,-45,0,-22.7,9,-6.2%,22,+1.8%,42,-1.3%,0,-14.0,44,0.8,43,+0.6%,10,-3.1%,48,+0.1%,22,4.1,2025-12-01,2.0,2025-12-03
Nikola Vucevic,35.0,CHI,Big,284,23,-9.0,-21,7,-11.8,30,-2.0%,41,+0.3%,3,-8.2%,24,-3.1,59,-2.8,41,+1.1%,37,-1.0%,72,-3.1%,96,-10.7,2025-12-01,2.0,2025-12-03
Russell Westbrook,37.0,SAC,Combo,279,44,-0.0,0,40,-1.2,61,+1.5%,50,-0.2%,47,-0.7%,47,-0.3,51,-1.2,62,-1.5%,9,-3.5%,85,-5.6%,49,0.0,2025-11-30,3.0,2025-12-03
Andrew Wiggins,30.7,MIA,Wing,321,3,-24.2,-38,12,-9.6,13,-4.8%,45,+0.1%,7,-6.5%,38,-1.4,5,14.6,1,+9.3%,24,-2.0%,51,-0.3%,84,-5.8,2025-12-01,2.0,2025-12-03
Ivica Zubac,28.6,LAC,Big,265,54,3.2,7,86,9.4,68,+2.4%,80,-2.1%,58,+0.3%,70,2.3,23,6.2,21,+3.9%,16,-2.4%,87,-6.6%,20,4.5,2025-12-01,2.0,2025-12-03
Lonzo Ball,28.0,CLE,Combo,191,14,-14.0,-31,11,-9.9,8,-6.3%,29,+1.3%,34,-2.2%,39,-1.4,33,4.1,18,+4.4%,66,+1.0%,68,-2.6%,52,-0.3,2025-11-28,5.0,2025-12-03
Kyle Kuzma,30.3,MIL,Forward,218,53,3.2,8,22,-6.1,16,-4.3%,74,-1.8%,6,-6.9%,40,-1.4,85,-9.3,78,-3.3%,60,+0.7%,45,+0.3%,75,-4.0,2025-12-01,2.0,2025-12-03
Alex Caruso,31.7,OKC,Forward,149,77,11.7,13,62,3.5,74,+3.2%,58,-0.6%,16,-4.6%,18,-4.5,80,-8.2,65,-1.9%,98,+5.4%,61,-1.6%,35,1.9,2025-11-28,7.0,2025-12-05
Josh Hart,30.7,NYK,Wing,188,19,-10.9,-21,66,5.2,81,+4.6%,1,+5.3%,88,+5.7%,31,-2.2,3,16.1,16,+4.8%,51,-0.2%,20,+4.0%,7,8.4,2025-12-02,1.0,2025-12-03
OG Anunoby,28.3,NYK,Forward,297,94,21.1,43,58,2.4,55,+0.9%,89,-3.5%,18,-4.2%,37,-1.5,97,-18.7,93,-6.2%,45,-0.6%,82,-4.8%,99,-13.6,2025-11-14,19.0,2025-12-03
Bam Adebayo,28.3,MIA,Big,243,72,9.5,20,71,6.4,67,+2.4%,70,-1.6%,35,-2.1%,88,5.8,62,-3.1,24,+3.3%,35,-1.1%,99,-11.4%,68,-2.8,2025-12-01,2.0,2025-12-03
John Collins,28.1,LAC,Forward,212,63,6.5,11,18,-7.4,12,-5.6%,6,+3.8%,91,+6.7%,81,4.5,92,-13.9,92,-6.0%,95,+4.5%,33,+1.5%,55,-0.9,2025-12-01,2.0,2025-12-03
Dillon Brooks,29.8,PHX,Wing,118,19,-10.7,-25,25,-5.5,28,-2.3%,2,+5.1%,78,+3.8%,67,2.1,28,5.2,13,+5.6%,53,-0.1%,81,-4.6%,12,6.8,2025-12-01,4.0,2025-12-05
Malik Monk,27.7,SAC,Wing,193,90,17.8,35,42,-1.0,64,+2.2%,26,+1.5%,29,-2.6%,75,3.2,97,-18.8,98,-10.4%,96,+4.7%,16,+4.7%,27,3.0,2025-11-30,3.0,2025-12-03
Derrick White,31.3,BOS,Combo,360,48,1.0,2,32,-3.6,48,+0.1%,19,+2.0%,63,+1.1%,68,2.2,65,-4.5,49,+0.1%,69,+1.2%,53,-0.5%,63,-1.9,2025-12-02,2.0,2025-12-04
Lauri Markkanen,28.4,UTA,Forward,318,90,19.0,30,92,12.7,61,+1.5%,96,-4.8%,90,+6.1%,35,-1.8,75,-6.3,65,-1.9%,12,-3.0%,4,+8.2%,100,-18.5,2025-12-01,3.0,2025-12-04
Jarrett Allen,27.5,CLE,Big,215,97,26.9,52,97,18.2,91,+7.0%,92,-3.8%,74,+2.8%,85,5.2,83,-8.7,71,-2.6%,80,+2.1%,54,-0.6%,84,-5.8,2025-11-28,5.0,2025-12-03
Luke Kennard,29.4,ATL,Combo,197,80,12.7,30,85,9.2,87,+5.6%,17,+2.2%,36,-2.0%,67,2.0,63,-3.5,86,-5.0%,23,-2.0%,24,+2.9%,53,-0.6,2025-12-01,2.0,2025-12-03
Donovan Mitchell,29.1,CLE,Combo,292,97,26.3,55,99,20.7,99,+11.0%,57,-0.5%,55,+0.0%,93,8.5,71,-5.7,68,-2.2%,11,-3.0%,78,-4.4%,39,1.4,2025-12-01,2.0,2025-12-03
Royce O'Neale,32.4,PHX,Wing,312,16,-12.8,-29,33,-3.1,48,+0.1%,69,-1.4%,5,-7.3%,77,3.6,15,9.6,23,+3.5%,29,-1.6%,47,+0.2%,30,2.7,2025-12-01,4.0,2025-12-05
Tony Bradley,27.8,IND,Big,127,38,-3.4,-6,32,-3.6,7,-6.4%,11,+2.9%,94,+7.4%,29,-2.5,48,-0.2,52,-0.1%,55,+0.0%,71,-3.0%,17,5.1,2025-12-01,2.0,2025-12-03
Kevin Huerter,27.2,CHI,Wing,226,82,13.6,32,67,5.2,64,+2.0%,44,+0.1%,22,-3.5%,72,2.9,81,-8.4,64,-1.8%,75,+1.6%,58,-1.1%,64,-2.0,2025-12-01,2.0,2025-12-03
Trae Young,27.1,ATL,Point,139,17,-12.6,-28,61,3.4,44,-0.1%,97,-5.1%,15,-4.6%,64,1.7,3,16.0,0,+10.6%,92,+3.8%,12,+5.5%,31,2.5,2025-10-29,35.0,2025-12-03
Miles Bridges,27.6,CHA,Forward,309,45,0.0,0,23,-5.9,23,-3.1%,91,-3.6%,0,-13.9%,86,5.2,72,-5.9,59,-1.3%,56,+0.1%,22,+3.4%,80,-4.8,2025-12-01,2.0,2025-12-03
Wendell Carter,26.5,ORL,Big,288,65,7.2,17,42,-0.9,33,-1.7%,0,+6.1%,84,+4.8%,96,9.6,79,-8.1,76,-3.1%,44,-0.6%,62,-2.0%,9,7.7,2025-12-01,2.0,2025-12-03
Collin Sexton,26.8,CHA,Combo,209,58,5.0,12,30,-4.2,90,+7.0%,20,+1.9%,17,-4.2%,17,-4.8,84,-9.1,78,-3.4%,86,+2.8%,55,-0.7%,21,4.4,2025-12-01,2.0,2025-12-03
Luka Doncic,26.7,LAL,Point,221,45,0.1,0,81,8.2,73,+3.0%,83,-2.6%,34,-2.2%,61,1.4,17,8.1,14,+5.3%,6,-3.9%,94,-8.3%,17,5.0,2025-12-01,3.0,2025-12-04
Michael Porter,27.3,BKN,Forward,284,65,7.0,6,71,6.3,92,+7.2%,49,-0.2%,61,+0.9%,6,-8.5,49,-0.7,88,-5.4%,3,-4.4%,28,+2.0%,94,-9.8,2025-12-01,2.0,2025-12-03
Shai Gilgeous-Alexander,27.3,OKC,Point,382,36,-4.2,-7,89,11.8,54,+0.8%,99,-5.9%,33,-2.3%,93,8.1,3,16.1,22,+3.8%,2,-4.4%,35,+1.2%,12,6.6,2025-12-02,3.0,2025-12-05
Jaren Jackson,26.1,MEM,Big,315,25,-8.5,-19,31,-3.8,55,+0.9%,63,-1.1%,20,-3.8%,10,-6.8,31,4.6,44,+0.6%,10,-3.1%,75,-3.5%,45,0.8,nan,,2025-12-05
Donte DiVincenzo,28.8,MIN,Wing,296,44,-0.1,0,41,-1.1,51,+0.4%,90,-3.6%,8,-6.4%,33,-2.1,50,-1.0,60,-1.4%,39,-0.9%,51,-0.2%,83,-5.5,2025-12-02,2.0,2025-12-04
Josh Okogie,27.2,HOU,Combo,202,37,-3.7,-7,69,5.6,80,+4.2%,87,-3.0%,26,-3.1%,71,2.5,16,9.3,10,+5.9%,98,+5.1%,14,+5.2%,22,3.9,2025-12-01,2.0,2025-12-03
Landry Shamet,28.6,NYK,Wing,154,20,-10.1,-19,12,-9.8,9,-6.1%,46,+0.0%,37,-1.9%,20,-3.9,45,0.3,58,-0.9%,34,-1.3%,43,+0.5%,70,-3.1,2025-11-22,11.0,2025-12-03
Deandre Ayton,27.3,LAL,Big,271,9,-16.9,-37,23,-5.9,33,-1.6%,30,+1.2%,41,-1.6%,9,-7.3,11,11.0,9,+6.2%,81,+2.2%,9,+6.2%,71,-3.3,2025-12-01,3.0,2025-12-04
Mikal Bridges,29.2,NYK,Wing,306,51,2.2,4,60,3.2,89,+6.2%,13,+2.7%,14,-4.7%,33,-2.0,43,1.0,64,-1.9%,35,-1.2%,13,+5.3%,15,5.3,2025-12-02,1.0,2025-12-03
Anfernee Simons,26.4,BOS,Wing,275,26,-7.2,-18,44,-0.3,27,-2.4%,71,-1.6%,32,-2.3%,59,1.0,21,6.9,36,+1.5%,28,-1.7%,32,+1.6%,11,6.9,2025-12-02,2.0,2025-12-04
Marvin Bagley,26.6,WAS,Big,145,17,-12.2,-12,18,-7.2,12,-5.8%,33,+0.9%,45,-1.1%,90,6.8,29,5.0,54,-0.2%,33,-1.4%,52,-0.4%,1,11.6,2025-12-02,2.0,2025-12-04
Grayson Allen,30.1,PHX,Wing,344,71,8.9,22,73,6.7,82,+4.7%,84,-2.7%,8,-6.4%,75,3.2,56,-2.2,36,+1.6%,79,+2.0%,31,+1.6%,84,-5.7,2025-11-29,6.0,2025-12-05
Jalen Brunson,29.2,NYK,Point,300,68,8.3,16,70,6.2,66,+2.3%,65,-1.2%,37,-2.0%,64,1.8,55,-2.1,61,-1.5%,78,+1.9%,35,+1.3%,29,2.7,2025-12-02,1.0,2025-12-03
Isaiah Hartenstein,27.5,OKC,Big,329,42,-0.8,-2,57,2.4,72,+3.0%,5,+4.0%,100,+13.6%,12,-6.0,36,3.2,2,+8.5%,68,+1.1%,74,-3.3%,81,-5.1,2025-11-26,9.0,2025-12-05
Svi Mykhailiuk,28.4,UTA,Wing,243,88,17.3,32,41,-1.1,27,-2.5%,73,-1.7%,97,+8.9%,1,-10.6,96,-18.4,87,-5.1%,74,+1.5%,35,+1.2%,98,-13.2,2025-12-01,3.0,2025-12-04
Jarred Vanderbilt,26.6,LAL,Big,196,79,12.6,29,74,6.9,81,+4.4%,3,+5.1%,98,+9.7%,75,3.2,72,-5.7,72,-2.8%,64,+0.9%,84,-5.4%,11,6.9,2025-11-15,19.0,2025-12-04
Bruce Brown,29.2,DEN,Combo,177,29,-6.2,-9,19,-7.1,10,-6.0%,32,+1.0%,49,-0.5%,60,1.1,49,-0.9,71,-2.8%,28,-1.6%,33,+1.4%,52,-0.5,2025-12-01,2.0,2025-12-03
Duncan Robinson,31.5,DET,Wing,317,51,2.0,3,80,8.2,78,+3.9%,90,-3.6%,53,-0.1%,9,-7.5,23,6.2,39,+1.2%,1,-4.9%,88,-6.7%,27,3.2,2025-11-29,4.0,2025-12-03
Drew Eubanks,28.7,SAC,Big,157,85,15.7,32,76,7.3,84,+5.0%,52,-0.3%,33,-2.3%,62,1.6,81,-8.4,67,-2.0%,78,+2.0%,44,+0.4%,95,-10.6,2025-11-30,3.0,2025-12-03
Gary Trent Jr.,26.8,MIL,Wing,281,4,-22.1,-45,10,-10.5,25,-2.7%,7,+3.1%,70,+2.3%,39,-1.4,10,11.6,7,+6.6%,27,-1.7%,83,-5.0%,8,8.2,nan,,2025-12-03
Zion Williamson,25.3,NOP,Big,157,46,0.3,0,45,-0.2,71,+2.9%,16,+2.3%,63,+1.0%,96,9.8,48,-0.5,60,-1.4%,33,-1.4%,66,-2.4%,18,5.0,2025-11-29,5.0,2025-12-04
Ja Morant,26.2,MEM,Point,305,52,2.8,5,28,-5.1,28,-2.2%,54,-0.4%,73,+2.7%,33,-2.0,78,-7.9,33,+2.1%,72,+1.4%,70,-2.8%,43,0.9,2025-11-15,20.0,2025-12-05
RJ Barrett,25.4,TOR,Wing,325,9,-17.1,-35,21,-6.1,68,+2.6%,43,+0.2%,26,-3.1%,40,-1.3,11,11.0,1,+9.9%,41,-0.8%,57,-1.1%,88,-7.5,2025-11-23,11.0,2025-12-04
DeAndre Hunter,27.9,CLE,Wing,197,60,5.7,13,49,0.4,16,-4.3%,47,-0.0%,91,+6.3%,55,0.6,69,-5.3,56,-0.6%,24,-2.0%,89,-6.8%,61,-1.5,2025-12-01,2.0,2025-12-03
Jaxson Hayes,25.4,LAL,Big,127,59,5.3,13,47,0.1,44,-0.1%,71,-1.6%,62,+0.9%,42,-0.9,68,-5.2,61,-1.5%,8,-3.5%,98,-10.6%,28,3.0,2025-12-01,3.0,2025-12-04
Rui Hachimura,27.7,LAL,Forward,346,26,-8.0,-18,25,-5.6,21,-3.5%,64,-1.2%,32,-2.3%,83,4.8,38,2.4,30,+2.5%,71,+1.3%,2,+8.7%,78,-4.5,2025-12-01,3.0,2025-12-04
Cameron Johnson,29.7,DEN,Wing,239,45,0.0,0,37,-1.9,30,-2.0%,43,+0.2%,55,-0.0%,73,2.9,54,-1.9,50,+0.0%,68,+1.1%,27,+2.5%,78,-4.4,2025-12-01,2.0,2025-12-03
PJ Washington,27.2,DAL,Big,338,22,-9.5,-23,16,-7.9,35,-1.4%,71,-1.6%,46,-0.8%,3,-10.2,41,1.6,25,+3.1%,54,-0.0%,99,-11.5%,45,0.8,2025-11-28,5.0,2025-12-03
Nickeil Alexander-Walker,27.2,ATL,Combo,273,10,-15.8,-37,29,-4.3,52,+0.6%,27,+1.5%,12,-5.6%,82,4.6,10,11.5,55,-0.4%,25,-1.8%,1,+9.4%,19,4.9,2025-12-01,2.0,2025-12-03
Goga Bitadze,26.3,ORL,Big,163,40,-2.1,-5,55,2.0,65,+2.3%,98,-5.4%,31,-2.4%,7,-7.8,32,4.1,21,+3.9%,71,+1.3%,56,-1.1%,95,-10.5,2025-12-01,2.0,2025-12-03
Jordan Poole,26.4,NOP,Combo,210,7,-18.2,-27,29,-4.3,7,-6.7%,54,-0.4%,69,+2.1%,93,8.1,6,13.8,4,+7.9%,87,+3.0%,10,+5.8%,5,9.4,2025-11-04,30.0,2025-12-04
Keldon Johnson,25.9,SAS,Wing,215,27,-6.9,-15,40,-1.1,1,-9.1%,88,-3.3%,96,+8.3%,55,0.6,26,5.7,43,+0.8%,59,+0.7%,36,+1.2%,4,10.0,2025-12-02,1.0,2025-12-03
Nicolas Claxton,26.5,BKN,Big,282,49,1.2,3,94,14.3,86,+5.4%,97,-5.2%,24,-3.2%,36,-1.7,7,13.2,23,+3.4%,8,-3.6%,14,+5.1%,87,-6.7,2025-12-01,2.0,2025-12-03
Terance Mann,29.0,BKN,Wing,262,81,13.0,12,89,11.5,68,+2.5%,93,-3.9%,30,-2.5%,66,1.9,52,-1.5,25,+3.1%,60,+0.7%,71,-3.0%,69,-3.0,2025-11-29,4.0,2025-12-03
Javonte Green,32.3,DET,Wing,173,33,-4.5,-9,14,-8.4,40,-0.8%,4,+4.2%,64,+1.2%,90,6.8,63,-3.9,74,-3.0%,99,+5.6%,2,+8.8%,26,3.2,2025-12-01,2.0,2025-12-03
Luguentz Dort,26.5,OKC,Wing,222,37,-3.8,-5,22,-5.9,13,-4.7%,69,-1.5%,83,+4.4%,13,-5.5,55,-2.1,65,-1.9%,38,-0.9%,39,+0.9%,64,-2.1,2025-11-30,5.0,2025-12-05
Naz Reid,26.2,MIN,Big,227,18,-11.7,-24,35,-2.4,14,-4.6%,14,+2.4%,86,+5.5%,56,0.6,16,9.4,15,+4.9%,65,+1.0%,7,+7.2%,56,-0.9,2025-12-02,2.0,2025-12-04
Dean Wade,28.9,CLE,Forward,190,14,-14.1,-32,5,-14.3,11,-5.9%,25,+1.6%,14,-4.7%,71,2.5,47,-0.1,20,+4.1%,86,+2.8%,94,-8.4%,23,3.8,2025-12-01,2.0,2025-12-03
John Konchar,29.6,MEM,Forward,105,75,10.9,26,52,1.3,38,-0.9%,74,-1.8%,52,-0.2%,34,-1.9,86,-9.6,82,-4.0%,48,-0.4%,74,-3.3%,87,-6.8,2025-12-02,3.0,2025-12-05
Anthony Edwards,24.2,MIN,Combo,161,55,4.5,8,83,8.7,83,+5.0%,78,-2.0%,67,+1.7%,8,-7.8,32,4.2,44,+0.6%,52,-0.1%,72,-3.1%,36,1.7,2025-12-02,2.0,2025-12-04
LaMelo Ball,24.2,CHA,Point,200,86,16.0,36,96,15.9,93,+7.3%,96,-5.0%,7,-6.5%,26,-2.8,47,-0.0,50,+0.0%,59,+0.6%,37,+1.1%,21,4.4,2025-12-01,2.0,2025-12-03
Patrick Williams,24.2,CHI,Big,203,35,-4.3,-11,55,2.2,57,+1.1%,64,-1.1%,28,-2.7%,72,2.7,21,6.4,33,+2.1%,46,-0.5%,24,+2.9%,64,-2.1,2025-12-01,2.0,2025-12-03
Isaac Okoro,24.8,CHI,Wing,217,21,-10.0,-24,27,-5.2,49,+0.2%,66,-1.2%,43,-1.3%,12,-5.9,30,4.8,45,+0.5%,22,-2.0%,15,+5.0%,62,-1.6,2025-11-21,12.0,2025-12-03
Onyeka Okongwu,24.9,ATL,Big,287,42,-1.5,-4,10,-10.5,35,-1.4%,4,+4.3%,24,-3.4%,46,-0.5,84,-8.9,93,-6.0%,20,-2.1%,65,-2.3%,88,-7.3,2025-12-01,2.0,2025-12-03
Deni Avdija,24.8,POR,Forward,303,97,26.6,53,98,20.4,99,+10.0%,76,-1.9%,72,+2.6%,83,4.7,74,-6.2,46,+0.4%,67,+1.0%,59,-1.4%,70,-3.1,2025-12-02,1.0,2025-12-03
Jalen Smith,25.6,CHI,Big,137,72,9.5,21,93,13.3,69,+2.7%,44,+0.1%,97,+9.0%,72,2.8,34,3.8,51,+0.0%,79,+2.1%,27,+2.4%,3,10.9,2025-11-28,5.0,2025-12-03
Devin Vassell,25.2,SAS,Wing,308,98,29.8,59,91,12.3,91,+7.1%,38,+0.5%,66,+1.7%,59,1.1,96,-17.5,96,-8.2%,90,+3.5%,20,+3.9%,77,-4.3,2025-12-02,1.0,2025-12-03
Aaron Nesmith,26.0,IND,Wing,282,78,11.9,18,78,7.7,67,+2.4%,60,-0.9%,89,+5.8%,89,6.8,64,-4.2,33,+2.1%,94,+4.4%,69,-2.8%,61,-1.4,2025-11-13,20.0,2025-12-03
Cole Anthony,25.5,MIL,Point,184,61,5.7,14,30,-4.3,24,-2.8%,39,+0.4%,79,+3.9%,18,-4.5,87,-10.0,74,-3.0%,70,+1.2%,49,+0.0%,82,-5.3,2025-12-01,2.0,2025-12-03
Isaiah Stewart,24.4,DET,Big,203,23,-9.2,-19,20,-6.4,23,-3.2%,78,-2.0%,16,-4.5%,26,-2.8,36,2.9,55,-0.5%,10,-3.1%,48,+0.1%,89,-7.7,2025-12-01,2.0,2025-12-03
Saddiq Bey,26.6,NOP,Forward,226,56,4.6,7,61,3.4,42,-0.3%,65,-1.2%,59,+0.5%,27,-2.7,50,-1.2,83,-4.2%,32,-1.5%,68,-2.6%,22,4.3,2025-12-02,2.0,2025-12-04
Tyrese Maxey,25.0,PHI,Point,410,90,17.8,39,86,9.5,59,+1.4%,100,-7.4%,38,-1.8%,98,11.3,80,-8.3,91,-5.8%,30,-1.6%,29,+1.8%,100,-16.3,2025-12-02,2.0,2025-12-04
Immanuel Quickley,26.4,TOR,Point,314,6,-18.7,-38,9,-10.9,45,-0.0%,67,-1.3%,10,-6.2%,32,-2.1,19,7.8,32,+2.3%,17,-2.3%,9,+6.1%,90,-8.1,2025-12-02,2.0,2025-12-04
Payton Pritchard,27.8,BOS,Point,352,85,15.3,35,84,9.0,78,+3.7%,25,+1.6%,83,+4.4%,79,3.9,75,-6.3,80,-3.6%,25,-2.0%,63,-2.1%,59,-1.1,2025-12-02,2.0,2025-12-04
Jaden McDaniels,25.1,MIN,Wing,310,61,5.8,12,77,7.4,92,+7.1%,81,-2.4%,2,-9.6%,36,-1.7,40,1.7,53,-0.2%,52,-0.1%,13,+5.3%,55,-0.9,2025-12-02,2.0,2025-12-04
Desmond Bane,27.4,ORL,Combo,303,47,0.8,2,41,-1.1,62,+1.6%,8,+3.1%,38,-1.9%,74,3.1,54,-1.9,64,-1.8%,11,-3.1%,85,-5.6%,42,1.0,2025-12-01,2.0,2025-12-03
Tre Jones,25.8,CHI,Combo,265,9,-16.8,-37,9,-10.7,2,-8.7%,18,+2.1%,84,+5.2%,74,3.2,24,6.1,46,+0.4%,73,+1.4%,16,+4.8%,20,4.5,2025-12-01,2.0,2025-12-03
Isaiah Joe,26.3,OKC,Wing,128,54,4.1,4,67,5.4,38,-1.2%,98,-5.6%,25,-3.1%,65,1.8,42,1.2,56,-0.7%,93,+4.1%,12,+5.5%,26,3.4,2025-12-02,3.0,2025-12-05
Sam Merrill,29.5,CLE,Wing,175,87,17.0,34,93,13.7,96,+8.3%,58,-0.6%,13,-4.9%,80,4.1,62,-3.3,69,-2.4%,19,-2.1%,83,-5.2%,10,6.9,2025-11-17,16.0,2025-12-03
Naji Marshall,27.8,DAL,Wing,245,33,-4.8,-11,48,0.3,46,+0.0%,33,+0.9%,53,-0.2%,98,12.4,29,5.0,57,-0.8%,46,-0.5%,42,+0.7%,16,5.2,2025-12-01,2.0,2025-12-03
Cade Cunningham,24.1,DET,Point,362,61,5.8,12,84,8.7,60,+1.4%,95,-4.5%,87,+5.6%,13,-5.4,36,3.0,58,-1.1%,4,-4.2%,54,-0.6%,80,-5.0,2025-12-01,2.0,2025-12-03
Evan Mobley,24.4,CLE,Big,329,74,10.6,25,78,7.8,79,+4.1%,42,+0.3%,79,+3.9%,44,-0.7,59,-2.8,73,-2.9%,6,-3.9%,75,-3.5%,58,-1.1,2025-12-01,2.0,2025-12-03
Scottie Barnes,24.3,TOR,Big,324,35,-4.3,-11,82,8.5,76,+3.5%,47,-0.0%,87,+5.5%,58,1.0,8,12.8,15,+4.9%,3,-4.3%,23,+3.2%,86,-6.5,2025-12-02,2.0,2025-12-04
Jalen Suggs,24.4,ORL,Combo,165,98,29.5,58,93,13.4,96,+8.3%,40,+0.3%,62,+1.0%,41,-1.2,94,-16.1,94,-6.6%,87,+3.0%,60,-1.5%,6,9.0,2025-12-01,2.0,2025-12-03
Josh Giddey,23.1,CHI,Point,306,57,4.8,12,39,-1.5,74,+3.2%,58,-0.7%,29,-2.6%,45,-0.6,75,-6.2,87,-5.2%,2,-4.4%,88,-6.8%,62,-1.6,2025-12-01,2.0,2025-12-03
Jonathan Kuminga,23.1,GSW,Forward,322,21,-10.0,-24,54,1.8,77,+3.6%,9,+3.0%,60,+0.7%,21,-3.7,9,11.8,12,+5.6%,47,-0.4%,70,-2.9%,4,10.3,2025-12-02,2.0,2025-12-04
Franz Wagner,24.2,ORL,Wing,348,59,5.1,12,46,-0.0,46,+0.0%,12,+2.7%,78,+3.8%,50,-0.0,68,-5.1,42,+0.8%,67,+1.0%,55,-0.9%,9,7.7,2025-12-01,2.0,2025-12-03
Davion Mitchell,27.2,MIA,Point,292,6,-18.8,-33,14,-8.7,10,-6.1%,81,-2.4%,6,-7.1%,22,-3.5,13,10.1,3,+8.5%,31,-1.5%,70,-2.8%,83,-5.7,2025-12-01,2.0,2025-12-03
Ziaire Williams,24.1,BKN,Wing,165,24,-9.0,-9,3,-17.5,4,-7.8%,1,+5.9%,62,+1.0%,81,4.4,81,-8.5,79,-3.6%,70,+1.2%,68,-2.7%,6,9.1,2025-12-01,2.0,2025-12-03
Moses Moody,23.4,GSW,Wing,197,92,19.9,42,51,1.1,56,+1.0%,62,-0.9%,17,-4.2%,20,-3.7,97,-18.7,97,-9.5%,81,+2.2%,30,+1.7%,49,-0.0,2025-12-02,2.0,2025-12-04
Corey Kispert,26.7,WAS,Wing,190,86,15.9,20,61,3.4,43,-0.3%,70,-1.5%,45,-1.0%,68,2.2,90,-12.5,95,-7.1%,31,-1.5%,69,-2.8%,25,3.5,2025-11-25,9.0,2025-12-04
Alperen Sengun,23.3,HOU,Big,332,96,22.6,47,99,23.7,100,+16.0%,94,-4.4%,4,-7.5%,30,-2.5,42,1.1,31,+2.4%,91,+3.6%,6,+7.6%,91,-8.6,2025-12-01,2.0,2025-12-03
Tre Mann,24.7,CHA,Combo,197,20,-10.1,-23,53,1.7,6,-7.3%,49,-0.2%,99,+10.1%,70,2.4,9,11.8,11,+5.7%,58,+0.5%,55,-1.0%,26,3.2,2025-11-29,4.0,2025-12-03
Jalen Johnson,23.9,ATL,Forward,256,1,-27.2,-56,5,-14.0,18,-3.9%,13,+2.6%,11,-5.9%,91,7.6,7,13.2,27,+3.0%,18,-2.3%,21,+3.8%,12,6.9,2025-12-01,2.0,2025-12-03
Isaiah Jackson,23.8,IND,Big,182,69,8.8,16,70,5.8,87,+5.9%,41,+0.3%,77,+3.8%,25,-3.0,60,-3.0,48,+0.1%,81,+2.3%,8,+6.8%,92,-8.9,2025-12-01,2.0,2025-12-03
Quentin Grimes,25.5,PHI,Wing,310,54,3.9,9,38,-1.6,29,-2.2%,39,+0.5%,30,-2.4%,92,7.9,70,-5.6,68,-2.2%,62,+0.8%,49,-0.0%,32,2.2,2025-11-30,4.0,2025-12-04
Day'Ron Sharpe,24.0,BKN,Big,143,22,-9.5,-9,3,-18.9,5,-7.4%,1,+6.0%,76,+3.4%,48,-0.3,86,-9.4,54,-0.3%,85,+2.7%,84,-5.4%,8,8.2,2025-12-01,2.0,2025-12-03
Santi Aldama,24.8,MEM,Forward,279,48,1.0,3,68,5.6,77,+3.5%,8,+3.1%,59,+0.5%,73,2.9,31,4.6,59,-1.3%,22,-2.0%,64,-2.2%,13,6.2,2025-12-02,3.0,2025-12-05
Herbert Jones,27.1,NOP,Wing,271,95,22.4,27,74,6.8,83,+4.7%,77,-1.9%,20,-3.8%,2,-10.5,94,-15.7,30,+2.4%,84,+2.5%,99,-11.3%,77,-4.3,2025-11-21,13.0,2025-12-04
Miles McBride,25.1,NYK,Combo,157,63,6.6,11,83,8.7,63,+2.0%,78,-2.0%,85,+5.2%,90,6.9,39,2.1,30,+2.5%,65,+1.0%,54,-0.6%,29,2.8,2025-12-02,1.0,2025-12-03
Ayo Dosunmu,25.8,CHI,Wing,173,78,12.4,28,91,12.4,75,+3.3%,26,+1.5%,86,+5.3%,94,8.8,46,-0.0,37,+1.5%,43,-0.6%,48,+0.2%,47,0.2,2025-12-01,2.0,2025-12-03
Neemias Queta,26.3,BOS,Big,262,99,30.2,59,65,5.1,63,+1.8%,52,-0.2%,71,+2.4%,53,0.3,99,-25.1,99,-11.4%,88,+3.2%,43,+0.5%,93,-9.2,2025-12-02,2.0,2025-12-04
Luka Garza,26.8,BOS,Big,132,4,-21.8,-46,16,-8.1,21,-3.6%,32,+1.0%,49,-0.5%,15,-5.1,7,13.7,5,+7.0%,21,-2.0%,79,-4.4%,46,0.6,2025-11-29,5.0,2025-12-04
Sandro Mamukelashvili,26.4,TOR,Big,175,91,19.3,40,48,0.3,39,-0.9%,50,-0.2%,36,-2.1%,26,-2.9,98,-19.0,99,-11.7%,96,+4.8%,45,+0.3%,1,11.1,2025-12-02,2.0,2025-12-04
Aaron Wiggins,26.8,OKC,Wing,241,64,6.9,9,54,1.9,61,+1.5%,5,+3.9%,86,+5.3%,48,-0.3,67,-5.0,51,-0.0%,85,+2.7%,38,+1.1%,57,-1.1,2025-12-02,3.0,2025-12-05
Jock Landale,30.0,MEM,Big,271,50,1.9,3,33,-3.5,22,-3.5%,51,-0.2%,78,+3.8%,23,-3.4,70,-5.4,29,+2.7%,92,+4.0%,30,+1.8%,85,-6.0,2025-12-02,3.0,2025-12-05
Austin Reaves,27.4,LAL,Combo,264,84,15.0,34,90,12.0,74,+3.1%,74,-1.7%,68,+1.9%,76,3.3,61,-3.1,53,-0.2%,80,+2.1%,39,+1.0%,77,-4.2,2025-12-01,3.0,2025-12-04
Cameron Thomas,24.1,BKN,Combo,226,58,5.1,5,57,2.4,32,-1.8%,94,-4.4%,12,-5.6%,86,5.4,58,-2.7,72,-2.8%,32,-1.5%,31,+1.7%,28,3.0,2025-11-05,28.0,2025-12-03
Sam Hauser,27.9,BOS,Forward,242,36,-4.0,-10,52,1.6,65,+2.3%,33,+1.0%,9,-6.3%,24,-3.3,26,5.7,28,+2.8%,26,-1.8%,65,-2.3%,13,6.3,2025-12-02,2.0,2025-12-04
Trey Murphy III,25.4,NOP,Wing,318,28,-6.4,-12,7,-12.3,51,+0.4%,20,+1.9%,44,-1.1%,4,-9.8,73,-6.0,41,+0.9%,99,+5.7%,74,-3.3%,50,-0.1,2025-12-02,2.0,2025-12-04
Jose Alvarado,27.6,NOP,Point,143,68,8.5,14,75,6.9,59,+1.4%,84,-2.8%,35,-2.1%,95,9.4,52,-1.5,68,-2.4%,47,-0.5%,67,-2.6%,65,-2.4,2025-12-02,2.0,2025-12-04
Trendon Watford,25.0,PHI,Big,158,82,13.6,29,62,3.4,50,+0.2%,30,+1.3%,93,+7.0%,22,-3.5,87,-10.2,84,-4.3%,43,-0.7%,86,-5.7%,58,-1.1,2025-11-25,9.0,2025-12-04
Jay Huff,28.2,IND,Big,140,32,-4.8,-9,8,-11.6,11,-5.8%,37,+0.6%,21,-3.7%,64,1.7,77,-6.8,82,-4.0%,57,+0.3%,51,-0.2%,53,-0.6,2025-12-01,2.0,2025-12-03
Dru Smith,27.8,MIA,Point,167,93,20.3,35,87,9.7,88,+6.1%,16,+2.3%,95,+7.9%,63,1.7,87,-10.6,96,-9.0%,65,+1.0%,25,+2.7%,10,7.3,2025-12-01,2.0,2025-12-03
Brandon Williams,25.9,DAL,Point,127,89,17.5,42,65,4.8,45,-0.0%,86,-3.0%,90,+6.0%,60,1.1,91,-12.6,90,-5.6%,97,+5.0%,16,+5.0%,54,-0.8,nan,,2025-12-03
Paolo Banchero,23.0,ORL,Forward,346,93,20.0,40,88,10.9,93,+7.4%,10,+3.0%,41,-1.5%,84,5.0,84,-9.1,75,-3.1%,48,-0.4%,90,-7.2%,20,4.5,2025-11-12,21.0,2025-12-03
Chet Holmgren,23.5,OKC,Big,217,68,8.3,10,69,5.8,83,+4.7%,15,+2.3%,74,+2.8%,57,0.8,57,-2.5,38,+1.2%,21,-2.0%,92,-7.6%,71,-3.3,2025-12-02,3.0,2025-12-05
Jabari Smith Jr.,22.5,HOU,Forward,263,70,8.9,15,79,8.0,97,+8.8%,60,-0.8%,9,-6.3%,91,6.9,49,-0.9,83,-4.2%,49,-0.3%,37,+1.1%,14,5.4,nan,,2025-12-03
Shaedon Sharpe,22.4,POR,Combo,240,80,12.9,31,43,-0.9,20,-3.6%,22,+1.8%,99,+10.3%,35,-1.8,91,-13.8,84,-4.3%,36,-1.1%,93,-8.1%,70,-3.2,2025-12-02,1.0,2025-12-03
Dyson Daniels,22.6,ATL,Wing,326,80,12.9,31,97,19.0,89,+6.4%,100,-7.3%,41,-1.6%,55,0.5,24,6.1,8,+6.2%,96,+4.8%,17,+4.5%,33,2.2,2025-12-01,2.0,2025-12-03
Jalen Duren,22.0,DET,Big,278,88,17.3,37,88,10.3,78,+3.7%,56,-0.5%,91,+6.6%,38,-1.5,77,-7.0,77,-3.2%,41,-0.7%,42,+0.6%,94,-9.6,2025-12-01,2.0,2025-12-03
Ochai Agbaji,25.5,TOR,Wing,117,72,9.5,21,59,2.8,71,+3.0%,7,+3.2%,76,+3.3%,25,-3.0,77,-6.7,77,-3.2%,14,-2.6%,81,-4.6%,55,-0.9,2025-12-02,2.0,2025-12-04
Mark Williams,23.9,PHX,Big,230,100,32.8,62,96,16.1,75,+3.4%,93,-3.9%,32,-2.3%,94,8.7,95,-16.7,80,-3.7%,77,+1.8%,98,-11.0%,57,-1.1,2025-12-01,4.0,2025-12-05
Tari Eason,24.5,HOU,Wing,222,25,-8.2,-12,6,-13.4,6,-7.0%,29,+1.3%,51,-0.4%,25,-3.0,68,-5.2,55,-0.6%,35,-1.2%,100,-13.3%,2,11.0,2025-11-14,19.0,2025-12-03
Jake LaRavia,24.0,LAL,Wing,294,12,-14.9,-33,17,-7.6,24,-2.8%,70,-1.6%,57,+0.3%,5,-8.8,20,7.3,24,+3.3%,77,+1.9%,32,+1.6%,41,1.1,2025-12-01,3.0,2025-12-04
Christian Braun,24.5,DEN,Wing,277,79,12.7,21,87,9.7,88,+6.1%,21,+1.9%,48,-0.6%,62,1.7,60,-3.0,40,+1.1%,89,+3.2%,41,+0.8%,68,-3.0,2025-11-12,21.0,2025-12-03
Walker Kessler,24.3,UTA,Big,152,91,19.4,42,96,17.1,95,+7.8%,53,-0.3%,81,+4.2%,88,6.0,56,-2.3,81,-3.7%,66,+1.0%,5,+8.0%,65,-2.1,2025-10-31,34.0,2025-12-04
Nikola Jovic,22.4,MIA,Forward,209,81,12.9,26,56,2.3,62,+1.7%,19,+2.0%,61,+0.8%,95,9.1,88,-10.6,95,-7.7%,90,+3.5%,17,+4.4%,28,3.0,2025-12-01,2.0,2025-12-03
Peyton Watson,23.1,DEN,Forward,184,29,-6.2,-11,79,8.0,80,+4.2%,30,+1.2%,92,+6.8%,88,5.8,5,14.2,9,+5.9%,83,+2.4%,3,+8.5%,38,1.4,2025-12-01,2.0,2025-12-03
Jaylin Williams,23.3,OKC,Big,178,23,-9.2,-13,19,-6.9,15,-4.5%,82,-2.5%,1,-12.5%,78,3.9,39,2.3,91,-5.8%,40,-0.8%,14,+5.2%,16,5.1,2025-12-02,3.0,2025-12-05
Max Christie,22.7,DAL,Wing,298,83,14.4,31,98,20.5,98,+9.1%,75,-1.9%,20,-4.1%,76,3.5,25,6.1,36,+1.6%,29,-1.6%,40,+0.8%,33,2.0,2025-12-01,2.0,2025-12-03
Moussa Diabate,23.8,CHA,Big,176,27,-7.1,-16,50,0.7,19,-3.8%,23,+1.7%,99,+10.5%,87,5.4,18,7.9,12,+5.6%,91,+3.7%,62,-1.9%,3,10.4,2025-12-01,2.0,2025-12-03
Ryan Rollins,23.3,MIL,Combo,307,41,-2.1,-5,64,4.2,55,+0.9%,80,-2.1%,36,-2.0%,51,0.2,22,6.3,42,+0.8%,46,-0.5%,46,+0.3%,23,3.7,2025-12-01,2.0,2025-12-03
Josh Minott,22.9,BOS,Big,211,55,4.6,11,47,0.0,31,-1.9%,68,-1.3%,95,+7.8%,49,-0.2,66,-4.5,59,-1.2%,55,+0.0%,80,-4.6%,96,-11.2,2025-12-02,2.0,2025-12-04
Tyrese Martin,26.7,BKN,Combo,204,74,10.5,9,38,-1.8,28,-2.2%,51,-0.2%,94,+7.7%,30,-2.4,90,-12.3,72,-2.9%,93,+4.0%,77,-4.0%,48,0.1,2025-12-01,2.0,2025-12-03
Jabari Walker,23.3,PHI,Forward,133,32,-5.5,-13,53,1.7,77,+3.5%,21,+1.8%,90,+6.0%,3,-10.4,20,7.2,6,+6.7%,90,+3.5%,34,+1.4%,41,1.0,2025-12-02,2.0,2025-12-04
Quenton Jackson,27.1,IND,Combo,100,99,32.2,63,94,14.2,84,+5.2%,67,-1.3%,72,+2.6%,97,11.0,96,-18.0,70,-2.6%,100,+6.3%,59,-1.3%,99,-13.2,2025-11-03,30.0,2025-12-03
AJ Green,26.1,MIL,Wing,276,76,11.1,26,95,14.5,90,+6.5%,48,-0.1%,77,+3.8%,89,6.1,35,3.4,26,+3.1%,63,+0.9%,26,+2.5%,46,0.7,2025-12-01,2.0,2025-12-03
Simone Fontecchio,29.9,MIA,Big,183,74,10.0,19,64,4.2,72,+3.0%,6,+3.7%,96,+8.2%,54,0.5,71,-5.7,87,-5.2%,53,-0.1%,41,+0.8%,29,2.9,2025-12-01,2.0,2025-12-03
Julian Champagnie,24.3,SAS,Wing,265,64,6.7,14,72,6.5,75,+3.5%,54,-0.4%,23,-3.5%,83,4.6,48,-0.2,39,+1.1%,38,-0.9%,57,-1.1%,86,-6.3,2025-12-02,1.0,2025-12-03
Collin Gillespie,26.4,PHX,Point,238,31,-5.7,-14,43,-0.9,58,+1.3%,24,+1.6%,70,+2.3%,9,-7.5,30,4.9,49,+0.1%,23,-2.0%,10,+5.7%,56,-0.9,2025-12-01,4.0,2025-12-05
Keon Ellis,25.8,SAC,Wing,169,69,8.6,17,58,2.6,54,+0.8%,46,0.0%,25,-3.2%,80,4.4,73,-5.9,43,+0.7%,99,+5.7%,29,+1.8%,73,-3.6,2025-11-30,3.0,2025-12-03
Keaton Wallace,26.7,ATL,Point,125,71,9.1,23,20,-6.4,29,-2.1%,29,+1.4%,56,+0.3%,14,-5.3,94,-15.5,86,-5.0%,12,-2.9%,96,-9.2%,49,0.0,2025-12-01,2.0,2025-12-03
Victor Wembanyama,21.8,SAS,Big,305,94,21.0,45,15,-8.4,42,-0.4%,15,+2.3%,29,-2.6%,54,0.3,100,-29.4,99,-11.7%,41,-0.7%,97,-9.4%,54,-0.8,2025-11-14,19.0,2025-12-03
Amen Thompson,22.8,HOU,Combo,319,57,4.9,9,51,0.9,58,+1.3%,86,-2.9%,22,-3.5%,17,-4.5,64,-4.0,97,-9.3%,14,-2.6%,1,+9.8%,42,1.0,2025-12-01,2.0,2025-12-03
Ausar Thompson,22.8,DET,Wing,288,60,5.7,12,64,4.1,85,+5.2%,39,+0.5%,75,+3.2%,21,-3.7,53,-1.6,23,+3.4%,27,-1.7%,67,-2.5%,99,-13.9,2025-12-01,2.0,2025-12-03
Anthony Black,21.8,ORL,Wing,261,20,-10.1,-24,66,5.2,70,+2.9%,83,-2.7%,47,-0.8%,37,-1.5,4,15.2,17,+4.7%,9,-3.4%,34,+1.4%,79,-4.7,2025-12-01,2.0,2025-12-03
Jarace Walker,22.2,IND,Wing,297,66,7.4,13,91,12.1,98,+8.9%,72,-1.7%,38,-1.9%,27,-2.6,30,4.7,29,+2.7%,52,-0.1%,11,+5.7%,66,-2.5,2025-12-01,2.0,2025-12-03
Taylor Hendricks,21.9,UTA,Wing,138,49,1.3,1,12,-9.9,19,-3.8%,22,+1.8%,52,-0.2%,0,-11.4,89,-11.1,88,-5.4%,34,-1.3%,86,-6.1%,60,-1.2,2025-11-23,11.0,2025-12-04
Cason Wallace,22.0,OKC,Wing,300,30,-5.9,-8,37,-1.9,57,+1.1%,38,+0.6%,72,+2.6%,19,-4.2,33,4.0,16,+4.8%,61,+0.7%,22,+3.4%,87,-6.8,2025-12-02,3.0,2025-12-05
Gradey Dick,21.9,TOR,Wing,144,99,30.4,52,73,6.7,51,+0.3%,62,-1.1%,65,+1.7%,85,5.1,99,-23.7,97,-9.9%,86,+2.8%,93,-8.3%,30,2.7,2025-12-02,2.0,2025-12-04
Jordan Hawkins,23.5,NOP,Wing,103,51,2.7,5,68,5.4,70,+2.8%,42,+0.3%,57,+0.3%,51,0.2,37,2.7,90,-5.5%,7,-3.7%,1,+9.6%,74,-3.7,2025-12-02,2.0,2025-12-04
Keyonte George,22.0,UTA,Combo,302,53,3.1,8,90,11.9,69,+2.8%,95,-4.6%,13,-5.4%,99,13.3,16,8.8,32,+2.3%,58,+0.3%,0,+10.0%,67,-2.6,2025-12-01,3.0,2025-12-04
Jaime Jaquez Jr.,24.7,MIA,Wing,290,100,33.9,62,77,7.7,53,+0.7%,35,+0.8%,94,+7.4%,74,3.0,99,-26.2,100,-13.3%,95,+4.5%,51,-0.3%,43,0.9,2025-12-01,2.0,2025-12-03
Brandin Podziemski,22.7,GSW,Combo,315,75,10.9,26,39,-1.3,34,-1.5%,88,-3.2%,22,-3.6%,46,-0.5,90,-12.2,38,+1.4%,62,+0.8%,94,-8.6%,73,-3.7,2025-12-02,2.0,2025-12-04
Cam Whitmore,21.3,WAS,Forward,153,50,2.0,2,39,-1.5,36,-1.4%,51,-0.2%,57,+0.3%,46,-0.4,62,-3.4,58,-1.2%,73,+1.4%,38,+1.0%,45,0.8,2025-12-02,2.0,2025-12-04
Noah Clowney,21.3,BKN,Big,232,73,9.8,10,95,14.8,76,+3.5%,79,-2.0%,80,+4.0%,99,12.7,29,5.0,16,+4.8%,57,+0.2%,73,-3.3%,75,-3.8,2025-12-01,2.0,2025-12-03
Kris Murray,25.2,POR,Wing,172,24,-9.0,-22,50,0.5,34,-1.5%,72,-1.6%,49,-0.5%,42,-0.8,15,9.5,28,+2.8%,4,-4.1%,66,-2.3%,32,2.3,2025-12-02,1.0,2025-12-03
Ben Sheppard,24.3,IND,Combo,264,16,-12.7,-21,35,-2.9,38,-1.1%,55,-0.5%,54,-0.1%,14,-5.2,14,9.8,10,+5.9%,0,-5.3%,83,-5.2%,37,1.6,2025-12-01,2.0,2025-12-03
Brice Sensabaugh,22.0,UTA,Wing,100,15,-13.6,-24,15,-8.1,54,+0.8%,31,+1.0%,3,-9.4%,50,-0.1,27,5.5,46,+0.4%,55,+0.0%,89,-6.8%,2,11.1,2025-12-01,3.0,2025-12-04
Mouhamed Gueye,23.0,ATL,Big,172,89,17.6,40,74,6.7,96,+8.4%,13,+2.6%,45,-1.1%,13,-5.8,88,-10.9,84,-4.3%,76,+1.8%,81,-4.6%,76,-4.1,2025-12-01,2.0,2025-12-03
Jalen Wilson,25.0,BKN,Wing,141,36,-4.0,-4,32,-3.5,26,-2.6%,59,-0.7%,67,+1.8%,28,-2.6,45,0.5,75,-3.1%,64,+0.9%,26,+2.6%,38,1.5,2025-11-29,4.0,2025-12-03
Toumani Camara,25.5,POR,Wing,302,28,-6.4,-15,23,-5.8,65,+2.2%,14,+2.6%,31,-2.4%,32,-2.2,44,0.6,57,-0.8%,28,-1.7%,44,+0.4%,39,1.3,2025-12-02,1.0,2025-12-03
Jaylen Clark,24.1,MIN,Wing,128,76,11.2,20,72,6.5,53,+0.7%,46,0.0%,96,+8.4%,78,3.9,66,-4.6,85,-4.8%,84,+2.5%,26,+2.5%,32,2.3,2025-12-02,2.0,2025-12-04
Craig Porter,25.7,CLE,Point,151,14,-13.8,-32,24,-5.6,40,-0.8%,10,+2.9%,58,+0.4%,38,-1.5,17,8.2,3,+7.9%,94,+4.2%,18,+4.3%,50,-0.2,2025-12-01,2.0,2025-12-03
Zaccharie Risacher,20.6,ATL,Wing,196,87,16.3,38,87,9.8,46,-0.0%,82,-2.6%,84,+5.2%,61,1.2,76,-6.4,35,+2.0%,57,+0.2%,87,-6.3%,72,-3.5,2025-12-01,2.0,2025-12-03
Alex Sarr,20.5,WAS,Big,282,62,5.8,7,86,9.2,94,+7.5%,32,+1.0%,73,+2.8%,29,-2.5,35,3.5,34,+2.1%,49,-0.3%,19,+4.2%,97,-11.7,2025-11-28,6.0,2025-12-04
Reed Sheppard,21.4,HOU,Point,185,17,-11.8,-20,13,-9.2,15,-4.4%,3,+4.8%,77,+3.6%,5,-8.8,38,2.6,20,+3.9%,19,-2.1%,60,-1.6%,94,-9.6,2025-12-01,2.0,2025-12-03
Stephon Castle,21.0,SAS,Combo,300,65,6.9,17,4,-15.2,32,-1.8%,9,+3.0%,0,-14.2%,47,-0.4,98,-22.1,79,-3.4%,97,+5.1%,47,+0.2%,89,-7.9,2025-11-16,17.0,2025-12-03
Ronald Holland II,20.3,DET,Wing,224,52,2.7,6,48,0.1,36,-1.4%,28,+1.5%,12,-5.7%,65,1.9,57,-2.6,66,-1.9%,93,+4.2%,23,+3.0%,0,13.5,2025-12-03,2.0,2025-12-05
Donovan Clingan,21.7,POR,Big,215,39,-2.7,-6,2,-19.5,3,-8.2%,0,+6.1%,98,+9.5%,16,-5.0,95,-16.8,94,-6.6%,70,+1.2%,91,-7.6%,98,-12.0,2025-12-02,1.0,2025-12-03
Matas Buzelis,21.1,CHI,Forward,256,62,6.0,15,34,-2.9,36,-1.3%,52,-0.3%,64,+1.1%,39,-1.4,83,-8.9,62,-1.7%,64,+0.9%,84,-5.4%,36,1.8,2025-12-01,2.0,2025-12-03
Bub Carrington,20.3,WAS,Point,272,12,-14.6,-20,10,-10.3,22,-3.2%,27,+1.5%,21,-3.7%,52,0.2,32,4.3,29,+2.7%,37,-1.0%,56,-1.1%,72,-3.4,2025-12-02,2.0,2025-12-04
Kel'el Ware,21.5,MIA,Big,208,0,-30.6,-57,7,-12.1,25,-2.7%,31,+1.1%,68,+1.9%,2,-10.4,2,18.5,11,+5.8%,1,-4.5%,12,+5.6%,61,-1.4,2025-12-01,2.0,2025-12-03
Dalton Knecht,24.5,LAL,Wing,163,7,-17.8,-40,4,-14.9,3,-8.0%,17,+2.2%,27,-3.0%,41,-1.0,37,2.9,90,-5.5%,56,+0.2%,0,+12.6%,15,5.3,2025-12-01,3.0,2025-12-04
Tristan da Silva,24.5,ORL,Wing,200,83,14.5,34,85,9.0,56,+1.0%,99,-6.0%,55,+0.0%,56,0.6,70,-5.4,77,-3.2%,97,+4.9%,4,+8.4%,92,-8.8,2025-12-03,2.0,2025-12-05
Jaylon Tyson,22.9,CLE,Wing,240,46,0.2,0,51,1.2,41,-0.5%,49,-0.1%,93,+7.1%,1,-10.7,43,1.0,75,-3.0%,77,+1.9%,6,+8.0%,30,2.7,2025-12-01,2.0,2025-12-03
Yves Missi,21.5,NOP,Big,116,58,5.0,9,81,8.2,86,+5.5%,35,+0.8%,80,+4.1%,22,-3.7,35,3.2,10,+5.8%,48,-0.4%,90,-7.1%,60,-1.4,2025-11-30,4.0,2025-12-04
Kyshawn George,21.9,WAS,Wing,273,49,1.1,0,17,-7.5,60,+1.5%,12,+2.7%,7,-6.5%,4,-9.4,83,-8.7,51,-0.1%,78,+2.0%,86,-5.8%,90,-8.2,2025-12-02,2.0,2025-12-04
Terrence Shannon Jr.,25.3,MIN,Wing,109,1,-29.9,-58,3,-16.1,5,-7.5%,2,+5.1%,69,+2.2%,57,0.6,6,13.8,3,+8.2%,67,+1.1%,38,+1.0%,1,11.2,2025-12-02,2.0,2025-12-04
Ryan Dunn,22.8,PHX,Forward,244,75,10.7,26,70,6.0,43,-0.2%,88,-3.2%,52,-0.2%,28,-2.6,67,-4.7,67,-2.1%,75,+1.7%,36,+1.2%,80,-4.9,2025-12-01,4.0,2025-12-05
Kyle Filipowski,22.0,UTA,Big,163,71,9.0,20,75,7.1,73,+3.1%,48,-0.1%,89,+6.0%,12,-5.9,54,-1.9,47,+0.3%,68,+1.1%,45,+0.3%,65,-2.4,2025-12-01,3.0,2025-12-04
Ajay Mitchell,23.4,OKC,Combo,293,67,7.8,12,36,-2.1,49,+0.2%,23,+1.7%,43,-1.3%,84,5.0,86,-9.9,66,-2.0%,40,-0.8%,97,-9.3%,75,-3.9,2025-12-02,3.0,2025-12-05
Jaylen Wells,22.2,MEM,Wing,274,34,-4.5,-9,55,1.9,59,+1.3%,84,-2.7%,70,+2.4%,7,-8.5,22,6.3,19,+4.2%,15,-2.6%,58,-1.2%,16,5.2,2025-12-02,3.0,2025-12-05
Oso Ighodaro,23.3,PHX,Big,157,3,-23.2,-49,1,-21.3,14,-4.5%,10,+2.9%,19,-4.1%,7,-8.2,40,1.8,70,-2.5%,51,-0.2%,18,+4.3%,40,1.2,2025-12-01,4.0,2025-12-05
Adem Bona,22.6,PHI,Big,153,19,-10.8,-25,6,-13.5,8,-6.3%,4,+4.2%,50,-0.4%,78,3.8,58,-2.7,73,-2.9%,91,+3.7%,3,+8.5%,44,0.8,2025-12-02,2.0,2025-12-04
Pelle Larsson,24.7,MIA,Wing,190,15,-12.8,-28,54,1.8,71,+3.0%,97,-5.3%,2,-9.8%,10,-6.9,4,14.6,4,+7.8%,13,-2.8%,41,+0.8%,52,-0.5,2025-12-01,2.0,2025-12-03
Jamal Shead,23.3,TOR,Point,168,81,13.2,29,77,7.5,37,-1.3%,45,+0.0%,88,+5.7%,43,-0.8,71,-5.7,80,-3.6%,76,+1.7%,65,-2.3%,10,7.5,2025-12-02,2.0,2025-12-04
Quinten Post,25.6,GSW,Big,175,93,20.5,42,67,5.3,90,+6.7%,36,+0.7%,82,+4.4%,17,-4.7,93,-15.2,98,-10.7%,25,-1.9%,25,+2.7%,66,-2.5,2025-12-02,2.0,2025-12-04
Cam Spencer,25.6,MEM,Wing,180,57,4.8,11,46,-0.0,39,-0.9%,89,-3.5%,25,-3.2%,68,2.2,67,-4.9,61,-1.5%,87,+3.1%,40,+0.9%,51,-0.3,2025-12-02,3.0,2025-12-05
RayJ Dennis,24.6,IND,Point,140,5,-20.2,-25,11,-10.2,10,-6.1%,38,+0.5%,46,-0.8%,28,-2.6,13,9.9,52,-0.1%,20,-2.1%,17,+4.4%,4,10.1,2025-11-28,5.0,2025-12-03
VJ Edgecombe,20.3,PHI,Combo,375,59,5.5,13,59,2.9,41,-0.8%,19,+1.9%,97,+8.9%,35,-1.7,58,-2.6,85,-4.5%,26,-1.7%,28,+2.1%,51,-0.3,2025-12-02,2.0,2025-12-04
Jeremiah Fears,19.0,NOP,Point,221,29,-6.2,-9,42,-1.0,47,+0.0%,28,+1.4%,54,-0.1%,19,-4.4,28,5.2,28,+2.8%,39,-0.9%,7,+7.4%,51,-0.3,2025-12-02,2.0,2025-12-04
Derik Queen,20.8,NOP,Big,156,91,19.4,34,80,8.2,52,+0.6%,23,+1.7%,81,+4.3%,97,9.9,89,-11.2,93,-6.1%,94,+4.2%,7,+7.4%,63,-1.8,2025-12-02,2.0,2025-12-04
Egor Dëmin,19.7,BKN,Point,177,31,-5.6,-5,30,-4.2,39,-0.9%,7,+3.5%,48,-0.6%,49,-0.2,41,1.4,41,+0.9%,82,+2.4%,33,+1.5%,31,2.6,2025-12-01,2.0,2025-12-03
Kon Knueppel,20.2,CHA,Wing,281,73,9.8,21,31,-4.0,52,+0.6%,36,+0.7%,30,-2.5%,6,-8.7,92,-13.8,91,-5.6%,54,-0.0%,67,-2.5%,79,-4.7,2025-12-01,2.0,2025-12-03
Ryan Kalkbrenner,23.8,CHA,Big,245,56,4.6,11,38,-1.6,72,+3.0%,80,-2.1%,1,-10.5%,11,-6.7,74,-6.2,86,-5.1%,5,-4.0%,29,+1.9%,97,-11.5,2025-12-01,2.0,2025-12-03
Sion James,22.9,CHA,Wing,217,66,7.3,17,52,1.4,48,+0.1%,37,+0.7%,80,+3.9%,49,-0.2,72,-5.9,81,-3.8%,72,+1.4%,11,+5.7%,93,-9.0,2025-12-01,2.0,2025-12-03
Will Richard,22.9,GSW,Wing,138,12,-15.0,-35,17,-7.4,1,-9.0%,64,-1.2%,48,-0.7%,87,5.6,19,7.6,2,+8.9%,74,+1.5%,78,-4.3%,43,0.9,2025-12-02,2.0,2025-12-04
Dylan Harper,19.7,SAS,Combo,137,83,13.6,24,94,14.5,50,+0.2%,96,-4.7%,100,+11.7%,66,1.9,43,0.9,69,-2.4%,30,-1.6%,93,-8.2%,19,4.8,2025-12-02,1.0,2025-12-03
Cedric Coward,22.1,MEM,Wing,282,87,16.0,32,83,8.6,81,+4.5%,16,+2.2%,51,-0.3%,69,2.3,78,-7.4,94,-6.9%,42,-0.7%,64,-2.2%,24,3.7,2025-12-02,3.0,2025-12-05
Cooper Flagg,18.9,DAL,Combo,324,2,-25.6,-56,4,-15.1,16,-4.3%,66,-1.2%,23,-3.5%,8,-7.7,12,10.5,34,+2.1%,4,-4.2%,32,+1.6%,17,5.1,2025-12-01,2.0,2025-12-03
Collin Murray-Boyles,20.4,TOR,Big,167,7,-18.5,-42,1,-21.2,0,-11.2%,68,-1.4%,28,-2.7%,15,-5.2,59,-2.8,62,-1.7%,71,+1.3%,21,+3.7%,25,3.5,2025-12-02,2.0,2025-12-04
Walter Clayton,22.7,UTA,Point,133,30,-5.8,-11,45,-0.2,66,+2.3%,12,+2.7%,71,+2.4%,59,1.0,27,5.6,17,+4.5%,36,-1.1%,91,-7.3%,25,3.5,2025-12-01,3.0,2025-12-04
Ace Bailey,19.2,UTA,Wing,150,0,-35.0,-53,6,-13.8,3,-7.9%,11,+2.7%,40,-1.6%,41,-1.1,0,21.2,6,+6.9%,19,-2.2%,76,-3.8%,0,12.6,2025-12-01,3.0,2025-12-04
Hugo González,19.7,BOS,Wing,106,62,6.5,16,34,-2.9,43,-0.1%,92,-3.9%,4,-7.6%,16,-4.8,85,-9.4,83,-4.1%,100,+7.8%,8,+6.5%,35,1.9,2025-12-02,2.0,2025-12-04
Nique Clifford,23.7,SAC,Wing,119,77,11.3,24,88,9.9,94,+7.8%,6,+3.7%,83,+4.4%,32,-2.2,51,-1.4,37,+1.5%,42,-0.7%,80,-4.5%,85,-5.9,2025-11-30,3.0,2025-12-03
Tre Johnson,19.7,WAS,Combo,242,84,14.6,16,75,6.9,93,+7.3%,41,+0.3%,13,-5.5%,69,2.3,78,-7.7,76,-3.1%,50,-0.3%,78,-4.2%,59,-1.2,2025-11-21,13.0,2025-12-04
